"","centers.ZPOBDENS","centers.ZTMINFAN","centers.ZESPVIDA","centers.ZPOBURB","centers.ZTMEDICO","centers.ZPAGRICU","centers.ZPSERVI","centers.ZTLIBROP","centers.ZTEJERCI","centers.ZTPOBACT","centers.ZTENERGI"
"1",0.204303116633573,-0.785394103948831,0.776931624843956,0.724059233362857,0.767130858244767,-0.744880159181466,0.595641464996393,0.626969200299131,0.149951897980828,0.447433162619418,0.672556509553323
"2",-0.229841006212769,0.883568366942435,-0.87404807794945,-0.814566637533213,-0.863022215525363,0.837990179079149,-0.670096648120943,-0.705340350336522,-0.168695885228432,-0.503362307946846,-0.756626073247489
