"","centers.ZPOBDENS","centers.ZTMINFAN","centers.ZESPVIDA","centers.ZPOBURB","centers.ZTMEDICO","centers.ZPAGRICU","centers.ZPSERVI","centers.ZTLIBROP","centers.ZTEJERCI","centers.ZTPOBACT","centers.ZTENERGI"
"1",0.235444821019016,-0.768941988339236,0.742842704175495,0.683572431532189,0.691675418211155,-0.685048274563566,0.537741648398457,0.63468472933201,-0.237566553557652,0.414707350015132,0.276323700209095
"2",-0.298230106624087,0.973993185229699,-0.940934091955627,-0.865858413274105,-0.876122196400797,0.867727814447184,-0.681139421304712,-0.803933990487212,-0.355722315695876,-0.525295976685835,-0.73317407394868
